<?xml version="1.0" encoding="UTF-8"?>
<beans xmlns="http://www.springframework.org/schema/beans"
	xmlns:xsi="http://www.w3.org/2001/XMLSchema-instance"
	xmlns:context="http://www.springframework.org/schema/context"
	xsi:schemaLocation="http://www.springframework.org/schema/beans http://www.springframework.org/schema/beans/spring-beans.xsd
    http://www.springframework.org/schema/context http://www.springframework.org/schema/context/spring-context.xsd">

<bean id = "moviecontroller" class = "com.mvc.controller.MovieController">
	<property name="jdbcTemplate" ref="myjdbctemplate"></property>
</bean>

<bean id = "myjdbctemplate" class = "org.springframework.jdbc.core.JdbcTemplate">
	<property name = "dataSource" ref = "mydatasource"></property>
</bean>

<bean id = "mydatasource" class = "org.springframework.jdbc.datasource.DriverManagerDataSource">
	<property name = "driverClassName" value = "com.mysql.cj.jdbc.Driver"></property>
	<property name = "url" value = "jdbc:mysql://localhost:3306/movie_db"></property>
	<property name = "username" value = "root"></property>
	<property name = "password" value = "root"></property>
</bean>

</beans>